{
	"class_name" : "PinholeCameraParameters",
	"extrinsic" : 
	[
		-0.10548040667273637,
		-0.98530478820507417,
		0.134344177947198,
		0.0,
		-0.8493872738044852,
		0.019016367364539516,
		-0.5274273759213125,
		0.0,
		0.51712198068457582,
		-0.1697434891605894,
		-0.83891120208306336,
		0.0,
		0.0015499725844705381,
		0.74709806487401198,
		0.91652712783664758,
		1.0
	],
	"intrinsic" : 
	{
		"height" : 964,
		"intrinsic_matrix" : 
		[
			834.84848924819892,
			0.0,
			0.0,
			0.0,
			834.84848924819892,
			0.0,
			959.5,
			481.5,
			1.0
		],
		"width" : 1920
	},
	"version_major" : 1,
	"version_minor" : 0
}